hw_id,course_id,hw_name,hw_description,time_start,time_end
1,1,–ü–æ—Å–ª–µ–¥–æ–≤–∞—Ç–µ–ª—å–Ω–æ—Å—Ç—å –∏–∑ 0 –∏ 1,"–¢—Ä–µ–±—É–µ—Ç—Å—è –ø–æ–¥—Å—á–∏—Ç–∞—Ç—å –∫–æ–ª–∏—á–µ—Å—Ç–≤–æ –ø–æ—Å–ª–µ–¥–æ–≤–∞—Ç–µ–ª—å–Ω–æ—Å—Ç–µ–π –¥–ª–∏–Ω—ã ùëÅ, —Å–æ—Å—Ç–æ—è—â–∏—Ö –∏–∑ 0 –∏ 1, –≤ –∫–æ—Ç–æ—Ä—ã—Ö –Ω–∏–∫–∞–∫–∏–µ –¥–≤–µ –µ–¥–∏–Ω–∏—Ü—ã –Ω–µ —Å—Ç–æ—è—Ç —Ä—è–¥–æ–º.

–í—Ö–æ–¥–Ω—ã–µ –¥–∞–Ω–Ω—ã–µ:
–ù–∞ –≤—Ö–æ–¥ –ø—Ä–æ–≥—Ä–∞–º–º—ã –ø–æ—Å—Ç—É–ø–∞–µ—Ç —Ü–µ–ª–æ–µ —á–∏—Å–ª–æ ùëÅ (1‚â§ùëÅ‚â§100).

–í—ã—Ö–æ–¥–Ω—ã–µ –¥–∞–Ω–Ω—ã–µ:
–í—ã–≤–µ–¥–∏—Ç–µ –∫–æ–ª–∏—á–µ—Å—Ç–≤–æ –∏—Å–∫–æ–º—ã—Ö –ø–æ—Å–ª–µ–¥–æ–≤–∞—Ç–µ–ª—å–Ω–æ—Å—Ç–µ–π.",2020-10-01 12:00:00,2020-10-21 23:59:59
2,1,–ú—è—á–∏–∫ –Ω–∞ –ª–µ—Å–µ–Ω–∫–µ,"–ù–∞ –≤–µ—Ä—à–∏–Ω–µ –ª–µ—Å–µ–Ω–∫–∏, —Å–æ–¥–µ—Ä–∂–∞—â–µ–π N —Å—Ç—É–ø–µ–Ω–µ–∫, –Ω–∞—Ö–æ–¥–∏—Ç—Å—è –º—è—á–∏–∫, –∫–æ—Ç–æ—Ä—ã–π –Ω–∞—á–∏–Ω–∞–µ—Ç –ø—Ä—ã–≥–∞—Ç—å –ø–æ –Ω–∏–º –≤–Ω–∏–∑, –∫ –æ—Å–Ω–æ–≤–∞–Ω–∏—é. –ú—è—á–∏–∫ –º–æ–∂–µ—Ç –ø—Ä—ã–≥–Ω—É—Ç—å –Ω–∞ —Å–ª–µ–¥—É—é—â—É—é —Å—Ç—É–ø–µ–Ω—å–∫—É, –Ω–∞ —Å—Ç—É–ø–µ–Ω—å–∫—É —á–µ—Ä–µ–∑ –æ–¥–Ω—É –∏–ª–∏ —á–µ—Ä–µ–∑ 2. (–¢–æ –µ—Å—Ç—å, –µ—Å–ª–∏ –º—è—á–∏–∫ –ª–µ–∂–∏—Ç –Ω–∞ 8-–æ–π —Å—Ç—É–ø–µ–Ω—å–∫–µ, —Ç–æ –æ–Ω –º–æ–∂–µ—Ç –ø–µ—Ä–µ–º–µ—Å—Ç–∏—Ç—å—Å—è –Ω–∞ 5-—É—é, 6-—É—é –∏–ª–∏ 7-—É—é.) –û–ø—Ä–µ–¥–µ–ª–∏—Ç—å —á–∏—Å–ª–æ –≤—Å–µ–≤–æ–∑–º–æ–∂–Ω—ã—Ö ""–º–∞—Ä—à—Ä—É—Ç–æ–≤"" –º—è—á–∏–∫–∞ —Å –≤–µ—Ä—à–∏–Ω—ã –Ω–∞ –∑–µ–º–ª—é. 

–í—Ö–æ–¥–Ω—ã–µ –¥–∞–Ω–Ω—ã–µ:
–í–≤–æ–¥–∏—Ç—Å—è –æ–¥–Ω–æ —á–∏—Å–ª–æ 0 < N < 31.

–í—ã—Ö–æ–¥–Ω—ã–µ –¥–∞–Ω–Ω—ã–µ:
–í—ã–≤–µ–¥–∏—Ç–µ –æ–¥–Ω–æ —á–∏—Å–ª–æ ‚Äî –∫–æ–ª–∏—á–µ—Å—Ç–≤–æ –º–∞—Ä—à—Ä—É—Ç–æ–≤.",2020-10-01 12:00:00,2020-10-21 23:59:59
3,1,–ö–∞–ª—å–∫—É–ª—è—Ç–æ—Ä,"–ò–º–µ–µ—Ç—Å—è –∫–∞–ª—å–∫—É–ª—è—Ç–æ—Ä, –∫–æ—Ç–æ—Ä—ã–π –≤—ã–ø–æ–ª–Ω—è–µ—Ç —Ç—Ä–∏ –æ–ø–µ—Ä–∞—Ü–∏–∏:
–ü—Ä–∏–±–∞–≤–∏—Ç—å –∫ —á–∏—Å–ª—É X –µ–¥–∏–Ω–∏—Ü—É.
–£–º–Ω–æ–∂–∏—Ç—å —á–∏—Å–ª–æ X –Ω–∞ 2.
–£–º–Ω–æ–∂–∏—Ç—å —á–∏—Å–ª–æ X –Ω–∞ 3.
–û–ø—Ä–µ–¥–µ–ª–∏—Ç–µ, –∫–∞–∫–æ–µ –Ω–∞–∏–º–µ–Ω—å—à–µ–µ —á–∏—Å–ª–æ –æ–ø–µ—Ä–∞—Ü–∏–π –Ω–µ–æ–±—Ö–æ–¥–∏–º–æ –¥–ª—è —Ç–æ–≥–æ, —á—Ç–æ–±—ã –ø–æ–ª—É—á–∏—Ç—å –∏–∑ —á–∏—Å–ª–∞ 1 –∑–∞–¥–∞–Ω–Ω–æ–µ —á–∏—Å–ª–æ N.

–í—Ö–æ–¥–Ω—ã–µ –¥–∞–Ω–Ω—ã–µ:
–ü—Ä–æ–≥—Ä–∞–º–º–∞ –ø–æ–ª—É—á–∞–µ—Ç –Ω–∞ –≤—Ö–æ–¥ –æ–¥–Ω–æ —á–∏—Å–ª–æ, –Ω–µ –ø—Ä–µ–≤–æ—Å—Ö–æ–¥—è—â–µ–µ 106.

–í—ã—Ö–æ–¥–Ω—ã–µ –¥–∞–Ω–Ω—ã–µ:
–¢—Ä–µ–±—É–µ—Ç—Å—è –≤—ã–≤–µ—Å—Ç–∏ –æ–¥–Ω–æ —á–∏—Å–ª–æ: –Ω–∞–∏–º–µ–Ω—å—à–µ–µ –∫–æ–ª–∏—á–µ—Å—Ç–≤–æ –∏—Å–∫–æ–º—ã—Ö –æ–ø–µ—Ä–∞—Ü–∏–π.",2020-10-01 12:00:00,2020-10-21 23:59:59
4,1,–ö–∞–ª—å–∫—É–ª—è—Ç–æ—Ä —Å –≤–æ—Å—Å—Ç–∞–Ω–æ–≤–ª–µ–Ω–∏–µ–º –æ—Ç–≤–µ—Ç–∞,"–ò–º–µ–µ—Ç—Å—è –∫–∞–ª—å–∫—É–ª—è—Ç–æ—Ä, –∫–æ—Ç–æ—Ä—ã–π –≤—ã–ø–æ–ª–Ω—è–µ—Ç —Ç—Ä–∏ –æ–ø–µ—Ä–∞—Ü–∏–∏:
–ü—Ä–∏–±–∞–≤–∏—Ç—å –∫ —á–∏—Å–ª—É X –µ–¥–∏–Ω–∏—Ü—É.
–£–º–Ω–æ–∂–∏—Ç—å —á–∏—Å–ª–æ X –Ω–∞ 2.
–£–º–Ω–æ–∂–∏—Ç—å —á–∏—Å–ª–æ X –Ω–∞ 3.
–û–ø—Ä–µ–¥–µ–ª–∏—Ç–µ –∫—Ä–∞—Ç—á–∞–π—à—É—é –ø–æ—Å–ª–µ–¥–æ–≤–∞—Ç–µ–ª—å–Ω–æ—Å—Ç—å –æ–ø–µ—Ä–∞—Ü–∏–π, –Ω–µ–æ–±—Ö–æ–¥–∏–º—É—é –¥–ª—è –ø–æ–ª—É—á–µ–Ω–∏—è –∏–∑ —á–∏—Å–ª–∞ 1 –∑–∞–¥–∞–Ω–Ω–æ–µ —á–∏—Å–ª–æ N.

–í—Ö–æ–¥–Ω—ã–µ –¥–∞–Ω–Ω—ã–µ:
–ü—Ä–æ–≥—Ä–∞–º–º–∞ –ø–æ–ª—É—á–∞–µ—Ç –Ω–∞ –≤—Ö–æ–¥ –æ–¥–Ω–æ —á–∏—Å–ª–æ N, –Ω–µ –ø—Ä–µ–≤–æ—Å—Ö–æ–¥—è—â–µ–µ 106.

–í—ã—Ö–æ–¥–Ω—ã–µ –¥–∞–Ω–Ω—ã–µ:
–í—ã–≤–µ–¥–∏—Ç–µ —Å—Ç—Ä–æ–∫—É, —Å–æ—Å—Ç–æ—è—â—É—é –∏–∑ —Ü–∏—Ñ—Ä ""1"", ""2"" –∏–ª–∏ ""3"", –æ–±–æ–∑–Ω–∞—á–∞—é—â–∏—Ö –æ–¥–Ω—É –∏–∑ —Ç—Ä–µ—Ö —É–∫–∞–∑–∞–Ω–Ω—ã—Ö –æ–ø–µ—Ä–∞—Ü–∏–π, –∫–æ—Ç–æ—Ä–∞—è –ø–æ–ª—É—á–∞–µ—Ç –∏–∑ —á–∏—Å–ª–∞ 1 —á–∏—Å–ª–æ N –∑–∞ –º–∏–Ω–∏–º–∞–ª—å–Ω–æ–µ —á–∏—Å–ª–æ –æ–ø–µ—Ä–∞—Ü–∏–π. –ï—Å–ª–∏ –≤–æ–∑–º–æ–∂–Ω—ã—Ö –º–∏–Ω–∏–º–∞–ª—å–Ω—ã—Ö —Ä–µ—à–µ–Ω–∏–π –Ω–µ—Å–∫–æ–ª—å–∫–æ, –≤—ã–≤–µ–¥–∏—Ç–µ –ª—é–±–æ–µ –∏–∑ –Ω–∏—Ö.",2020-11-14 12:00:00,2020-12-05 23:59:59
5,1,–•–æ–¥ –∫–æ–Ω–µ–º,"–î–∞–Ω–∞ –ø—Ä—è–º–æ—É–≥–æ–ª—å–Ω–∞—è –¥–æ—Å–∫–∞ N √ó M (N —Å—Ç—Ä–æ–∫ –∏ M —Å—Ç–æ–ª–±—Ü–æ–≤). –í –ª–µ–≤–æ–º –≤–µ—Ä—Ö–Ω–µ–º —É–≥–ª—É –Ω–∞—Ö–æ–¥–∏—Ç—Å—è —à–∞—Ö–º–∞—Ç–Ω—ã–π –∫–æ–Ω—å, –∫–æ—Ç–æ—Ä–æ–≥–æ –Ω–µ–æ–±—Ö–æ–¥–∏–º–æ –ø–µ—Ä–µ–º–µ—Å—Ç–∏—Ç—å –≤ –ø—Ä–∞–≤—ã–π –Ω–∏–∂–Ω–∏–π —É–≥–æ–ª –¥–æ—Å–∫–∏. –ü—Ä–∏ —ç—Ç–æ–º –∫–æ–Ω—å –º–æ–∂–µ—Ç —Ö–æ–¥–∏—Ç—å –¢–û–õ–¨–ö–û –Ω–∞ –¥–≤–µ –∫–ª–µ—Ç–∫–∏ –≤–Ω–∏–∑ –∏ –Ω–∞ –æ–¥–Ω—É –∫–ª–µ—Ç–∫—É –≤–ø—Ä–∞–≤–æ, –ª–∏–±–æ –Ω–∞ –¥–≤–µ –∫–ª–µ—Ç–∫–∏ –≤–ø—Ä–∞–≤–æ –∏ –Ω–∞ –æ–¥–Ω—É –∫–ª–µ—Ç–∫—É –≤–Ω–∏–∑ (—Å–º–æ—Ç—Ä–∏ —Ä–∏—Å—É–Ω–æ–∫).
–ù–µ–æ–±—Ö–æ–¥–∏–º–æ –æ–ø—Ä–µ–¥–µ–ª–∏—Ç—å, —Å–∫–æ–ª—å–∫–æ —Å—É—â–µ—Å—Ç–≤—É–µ—Ç —Ä–∞–∑–ª–∏—á–Ω—ã—Ö –º–∞—Ä—à—Ä—É—Ç–æ–≤, –≤–µ–¥—É—â–∏—Ö –∏–∑ –ª–µ–≤–æ–≥–æ –≤–µ—Ä—Ö–Ω–µ–≥–æ –≤ –ø—Ä–∞–≤—ã–π –Ω–∏–∂–Ω–∏–π —É–≥–æ–ª.
 
–í—Ö–æ–¥–Ω—ã–µ –¥–∞–Ω–Ω—ã–µ:
–í –ø–µ—Ä–≤–æ–π —Å—Ç—Ä–æ–∫–µ –≤—Ö–æ–¥–Ω–æ–≥–æ —Ñ–∞–π–ª–∞ –Ω–∞—Ö–æ–¥—è—Ç—Å—è –¥–≤–∞ –Ω–∞—Ç—É—Ä–∞–ª—å–Ω—ã—Ö —á–∏—Å–ª–∞ N –∏ M (1 ‚â§ N, M ‚â§ 50).  

–í—ã—Ö–æ–¥–Ω—ã–µ –¥–∞–Ω–Ω—ã–µ:
–í –≤—ã—Ö–æ–¥–Ω–æ–π —Ñ–∞–π–ª –≤—ã–≤–µ–¥–∏—Ç–µ –µ–¥–∏–Ω—Å—Ç–≤–µ–Ω–Ω–æ–µ —á–∏—Å–ª–æ –∫–æ–ª–∏—á–µ—Å—Ç–≤–æ —Å–ø–æ—Å–æ–±–æ–≤ –¥–æ–±—Ä–∞—Ç—å—Å—è –∫–æ–Ω—ë–º –¥–æ –ø—Ä–∞–≤–æ–≥–æ –Ω–∏–∂–Ω–µ–≥–æ —É–≥–ª–∞ –¥–æ—Å–∫–∏.",2020-11-14 12:00:00,2020-12-05 23:59:59
6,1,–ù–∞–∏–±–æ–ª—å—à–∞—è –æ–±—â–∞—è –ø–æ–¥–ø–æ—Å–ª–µ–¥–æ–≤–∞—Ç–µ–ª—å–Ω–æ—Å—Ç—å ,"–î–∞–Ω—ã –¥–≤–µ –ø–æ—Å–ª–µ–¥–æ–≤–∞—Ç–µ–ª—å–Ω–æ—Å—Ç–∏, —Ç—Ä–µ–±—É–µ—Ç—Å—è –Ω–∞–π—Ç–∏ –¥–ª–∏–Ω—É –∏—Ö –Ω–∞–∏–±–æ–ª—å—à–µ–π –æ–±—â–µ–π –ø–æ–¥–ø–æ—Å–ª–µ–¥–æ–≤–∞—Ç–µ–ª—å–Ω–æ—Å—Ç–∏.

–í—Ö–æ–¥–Ω—ã–µ –¥–∞–Ω–Ω—ã–µ:
–í –ø–µ—Ä–≤–æ–π —Å—Ç—Ä–æ–∫–µ –≤—Ö–æ–¥–Ω—ã—Ö –¥–∞–Ω–Ω—ã—Ö —Å–æ–¥–µ—Ä–∂–∏—Ç—Å—è —á–∏—Å–ª–æ N ‚Äì –¥–ª–∏–Ω–∞ –ø–µ—Ä–≤–æ–π –ø–æ—Å–ª–µ–¥–æ–≤–∞—Ç–µ–ª—å–Ω–æ—Å—Ç–∏ (1 ‚â§ N ‚â§ 1000). –í–æ –≤—Ç–æ—Ä–æ–π —Å—Ç—Ä–æ–∫–µ –∑–∞–¥–∞–Ω—ã —á–ª–µ–Ω—ã –ø–µ—Ä–≤–æ–π –ø–æ—Å–ª–µ–¥–æ–≤–∞—Ç–µ–ª—å–Ω–æ—Å—Ç–∏ (—á–µ—Ä–µ–∑ –ø—Ä–æ–±–µ–ª) ‚Äì —Ü–µ–ª—ã–µ —á–∏—Å–ª–∞, –Ω–µ –ø—Ä–µ–≤–æ—Å—Ö–æ–¥—è—â–∏–µ 10000 –ø–æ –º–æ–¥—É–ª—é.

–í —Ç—Ä–µ—Ç—å–µ–π —Å—Ç—Ä–æ–∫–µ –∑–∞–ø–∏—Å–∞–Ω–æ —á–∏—Å–ª–æ M ‚Äì –¥–ª–∏–Ω–∞ –≤—Ç–æ—Ä–æ–π –ø–æ—Å–ª–µ–¥–æ–≤–∞—Ç–µ–ª—å–Ω–æ—Å—Ç–∏ (1 ‚â§ M ‚â§ 1000). –í —á–µ—Ç–≤–µ—Ä—Ç–æ–π —Å—Ç—Ä–æ–∫–µ –∑–∞–¥–∞—é—Ç—Å—è —á–ª–µ–Ω—ã –≤—Ç–æ—Ä–æ–π –ø–æ—Å–ª–µ–¥–æ–≤–∞—Ç–µ–ª—å–Ω–æ—Å—Ç–∏ (—á–µ—Ä–µ–∑ –ø—Ä–æ–±–µ–ª) ‚Äì —Ü–µ–ª—ã–µ —á–∏—Å–ª–∞, –Ω–µ –ø—Ä–µ–≤–æ—Å—Ö–æ–¥—è—â–∏–µ 10000 –ø–æ –º–æ–¥—É–ª—é.

–í—ã—Ö–æ–¥–Ω—ã–µ –¥–∞–Ω–Ω—ã–µ:
–¢—Ä–µ–±—É–µ—Ç—Å—è –≤—ã–≤–µ—Å—Ç–∏ –æ–¥–Ω–æ —á–∏—Å–ª–æ ‚Äì –¥–ª–∏–Ω—É  –Ω–∞–∏–±–æ–ª—å—à–µ–π –æ–±—â–µ–π –ø–æ–¥–ø–æ—Å–ª–µ–¥–æ–≤–∞—Ç–µ–ª—å–Ω–æ—Å—Ç–∏ –¥–≤—É—Ö –¥–∞–Ω–Ω—ã—Ö –ø–æ—Å–ª–µ–¥–æ–≤–∞—Ç–µ–ª—å–Ω–æ—Å—Ç–µ–π –∏–ª–∏ 0, –µ—Å–ª–∏ —Ç–∞–∫–æ–π –ø–æ–¥–ø–æ—Å–ª–µ–¥–æ–≤–∞—Ç–µ–ª—å–Ω–æ—Å—Ç–∏ –Ω–µ—Ç.",2020-11-14 12:00:00,2020-12-05 23:59:59
