Абакумович,Абакумовна
Абрамович,Абрамовна
Абросимович,Абросимовна
Аввакумович,Аввакумовна
Августович,Августовна
Авдеевич,Авдеевна
Авдиевич,Авдиевна
Авелевич,Авелевна
Авенирович,Авенировна
Авериевич,Авериевна
Аверкиевич,Аверкиевна
Аверьянович,Аверьяновна
Авксентиевич,Авксентиевна
Авраамович,Авраамовна
Авраамиевич,Авраамиевна
Аврамович,Аврамовна
Аврамиевич,Аврамиевна
Аврелианович,Аврелиановна
Автономович,Автономовна
Агапович,Агаповна
Агапиевич,Агапиевна
Агапитович,Агапитовна
Агафангелович,Агафангеловна
Агафонович,Агафоновна
Аггеевич,Аггеевна
Адамович,Адамовна
Адрианович,Адриановна
Азарович,Азаровна
Азариевич,Азариевна
Акакиевич,Акакиевна
Акилович,Акиловна
Акимович,Акимовна
Акиндинович,Акиндиновна
Акинфович,Акинфовна
Акинфиевич,Акинфиевна
Аксёнович,Аксёновна
Аксентиевич,Аксентиевна
Александрович,Александровна
Алексеевич,Алексеевна
Алексиевич,Алексиевна
Альбертович,Альбертовна
Альфредович,Альфредовна
Амвросиевич,Амвросиевна
Амосович,Амосовна
Амфилохиевич,Амфилохиевна
Ананиевич,Ананиевна
Анастасиевич,Анастасиевна
Анатолиевич,Анатолиевна
Андреевич,Андреевна
Андрианович,Андриановна
Андронович,Андроновна
Андрониевич,Андрониевна
Андроникович,Андрониковна
Анектович,Анектовна
Анемподистович,Анемподистовна
Аникеевич,Аникеевна
Аникиевич,Аникиевна
Аникитич,Аникитична
Анисиевич,Анисиевна
Анисимович,Анисимовна
Антиохович,Антиоховна
Антипович,Антиповна
Антипич,Антипична
Антипиевич,Антипиевна
Антонович,Антоновна
Антонинович,Антониновна
Антропович,Антроповна
Антропиевич,Антропиевна
Ануфриевич,Ануфриевна
Аполлинариевич,Аполлинариевна
Аполлонович,Аполлоновна
Аполлосович,Аполлосовна
Ардалионович,Ардалионовна
Арефович,Арефовна
Арефиевич,Арефиевна
Ариевич,Ариевна
Аристархович,Аристарховна
Аристидович,Аристидовна
Аркадиевич,Аркадиевна
Арнольдович,Арнольдовна
Аронович,Ароновна
Арсенович,Арсеновна
Арсениевич,Арсениевна
Арсентиевич,Арсентиевна
Артамонович,Артамоновна
Артёмович,Артёмовна
Артемиевич,Артемиевна
Артурович,Артуровна
Архипович,Архиповна
Асафович,Асафовна
Асафиевич,Асафиевна
Аскольдович,Аскольдовна
Афанасиевич,Афанасиевна
Афиногенович,Афиногеновна
Афинодорович,Афинодоровна
Африканович,Африкановна
Баженович,Баженовна
Бенедиктович,Бенедиктовна
Богданович,Богдановна
Болеславович,Болеславовна
Бонифатович,Бонифатовна
Бонифатиевич,Бонифатиевна
Борисович,Борисовна
Бориславович,Бориславовна
Брониславович,Брониславовна
Будимирович,Будимировна
Вавилич,Вавилична
Вадимович,Вадимовна
Валентинович,Валентиновна
Валерианович,Валериановна
Валериевич,Валериевна
Варламович,Варламовна
Варламиевич,Варламиевна
Варнавич,Варнавична
Варсонофович,Варсонофовна
Варсонофиевич,Варсонофиевна
Варфоломеевич,Варфоломеевна
Васильевич,Васильевна
Вассианович,Вассиановна
Велизарович,Велизаровна
Велимирович,Велимировна
Венедиктович,Венедиктовна
Вениаминович,Вениаминовна
Венцеславович,Венцеславовна
Викентиевич,Викентиевна
Викторович,Викторовна
Викториевич,Викториевна
Викулович,Викуловна
Викулич,Викулична
Виленович,Виленовна
Виленинович,Вилениновна
Вильгельмович,Вильгельмовна
Виссарионович,Виссарионовна
Витович,Витовна
Виталиевич,Виталиевна
Витовтович,Витовтовна
Витольдович,Витольдовна
Владиленович,Владиленовна
Владимирович,Владимировна
Владиславович,Владиславовна
Владленович,Владленовна
Власович,Власовна
Власиевич,Власиевна
Вонифатович,Вонифатовна
Вонифатиевич,Вонифатиевна
Всеволодович,Всеволодовна
Всеславович,Всеславовна
Вуколович,Вуколовна
Вышеславович,Вышеславовна
Вячеславович,Вячеславовна
Гавриилович,Гаврииловна
Гаврильевич,Гавриловна
Галактионович,Галактионовна
Гедеонович,Гедеоновна
Гедиминович,Гедиминовна
Геласиевич,Геласиевна
Гелиевич,Гелиевна
Геннадиевич,Геннадиевна
Генрихович,Генриховна
Георгиевич,Георгиевна
Герасимович,Герасимовна
Гервасиевич,Гервасиевна
Германович,Германовна
Гермогенович,Гермогеновна
Геронтиевич,Геронтиевна
Гиацинтович,Гиацинтовна
Глебович,Глебовна
Горациевич,Горациевна
Горгониевич,Горгониевна
Гордеевич,Гордеевна
Гостомы́слович,Гостомы́словна
Гремиславович,Гремиславовна
Григорьевич,Григорьевна
Гуриевич,Гуриевна
Гурьянович,Гурьяновна
Давидович,Давидовна
Давы́дович,Давы́довна
Далматович,Далматовна
Даниилович,Данииловна
Данилович,Даниловна
Деодор́ович,Деодор’овна
Дементиевич,Дементиевна
Демидович,Демидовна
Демьянович,Демьяновна
Денисович,Денисовна
Денисиевич,Денисиевна
Димитриевич,Димитриевна
Диомидович,Диомидовна
Дионисиевич,Дионисиевна
Дмитриевич,Дмитриевна
Добромы́слович,Добромы́словна
Добры́нич,Добры́нична
Довмонтович,Довмонтовна
Доминикович,Доминиковна
Донатович,Донатовна
Доримедонтович,Доримедонтовна
Дормедонтович,Дормедонтовна
Дормидонтович,Дормидонтовна
Дорофеевич,Дорофеевна
Досифеевич,́Досифеевна
Евгениевич,Евгениевна
Евграфович,Евграфовна
Евграфиевич,Евграфиевна
Евдокимович,Евдокимовна
Евлампиевич,Евлампиевна
Евлогиевич,Евлогиевна
Евменович,Евменовна
Евмениевич,Евмениевна
Евсеевич,Евсеевна
Евстафиевич,Евстафиевна
Евстахиевич,Евстахиевна
Евстигнеевич,́Евстигнеевна
Евстратович,Евстратовна
Евстратиевич,Евстратиевна
Евтихиевич,Евтихиевна
Евфимиевич,Евфимиевна
Егорович,Егоровна
Егориевич,Егориевна
Елизарович,Елизаровна
Елисеевич,́Елисеевна
Елистратович,Елистратовна
Елпидифорович,Елпидифоровна
Емельянович,Емельяновна
Епифанович,Епифановна
Епифаниевич,Епифаниевна
Еремеевич,́Еремеевна
Е́рмиевич,Е́рмиевна
Ермилович,Ермиловна
Ермилич,Ермилична
Ермилиевич,Ермилиевна
Ермолаевич,Ермолаевна
Ерофеевич,́Ерофеевна
Ефимович,Ефимовна
Ефимиевич,Ефимиевна
Ефремович,Ефремовна
Ефремиевич,Ефремиевна
Захарович,Захаровна
Захариевич,Захариевна
Зенонович,Зеноновна
Зиновиевич,Зиновиевна
Зосимович,Зосимовна
Зосимич,Зосимична
Иакимович,Иакимовна
Иакинфович,Иакинфовна
Иванович,Ивановна
Игнатович,Игнатовна
Игнатиевич,Игнатиевна
И́горевич,И́горевна
Иеронимович,Иеронимовна
Измаилович,Измаиловна
Изосимович,Изосимовна
Изотович,Изотовна
Изяславович,Изяславовна
Илиодорович,Илиодоровна
Илларионович,Илларионовна
Ильич,Ильинична
Иннокентиевич,Иннокентиевна
Иоаннович,Иоанновна
И́ович,И́овна
Ионич,Ионична
Иосафатович,Иосафатовна
Иосифович,Иосифовна
Ипатович,Ипатовна
Ипатиевич,Ипатиевна
Ипполитович,Ипполитовна
Ираклиевич,Ираклиевна
Иринархович,Иринарховна
Иринеевич,Иринеевна
Иродионович,Иродионовна
Исаакович,Исааковна
Исаакиевич,Исаакиевна
Исаевич,Исаевна
Исакович,Исаковна
Исакиевич,Исакиевна
Исидорович,Исидоровна
Иустинович,Иустиновна
Казимирович,Казимировна
Каллимахович,Каллимаховна
Каллиникович,Каллиниковна
Каллиопиевич,Каллиопиевна
Каллистович,Каллистовна
Каллистратович,Каллистратовна
Каллисфенович,Каллисфеновна
Калуфович,Калуфовна
Кандидиевич,Кандидиевна
Кантидианович,Кантидиановна
Капикович,Капиковна
Капитонович,Капитоновна
Карионович,Карионовна
Карлович,Карловна
Карпович,Карповна
Кастрихиевич,Кастрихиевна
Касьянович,Касьяновна
Кимович,Кимовна
Киприанович,Киприановна
Кирович,Кировна
Кириакович,Кириаковна
Кирикович,Кириковна
Кириллович,Кирилловна
Кирсанович,Кирсановна
Клавдиевич,Клавдиевна
Климович,Климовна
Климентович,Климентовна
Климентиевич,Климентиевна
Кондратович,Кондратовна
Кондратиевич,Кондратиевна
Кононович,Кононовна
Конрадович,Конрадовна
Константинович,Константиновна
Корнеевич,Корнеевна
Корнелиевич,Корнелиевна
Корнилович,Корниловна
Корнилиевич,Корнилиевна
Ксенофонтович,Ксенофонтовна
Кузьмич,Кузьминична
Куприянович,Куприяновна
Лаврович,Лавровна
Лаврентиевич,Лаврентиевна
Ладимирович,Ладимировна
Лазаревич,Лазаревна
Ларионович,Ларионовна
Львович,Львовна
Леонович,Леоновна
Леонардович,Леонардовна
Леонидович,Леонидовна
Леонтиевич,Леонтиевна
Леопольдович,Леопольдовна
Логвинович,Логвиновна
Логгинович,Логгиновна
Лонгинович,Лонгиновна
Луарсабович,Луарсабовна
Лукич,Лукинична
Луканович,Лукановна
Лукианович,Лукиановна
Лукьянович,Лукьяновна
Любимович,Любимовна
Любомир́ович,Любомировна
Любомы́слович,Любомы́словна
Люцианович,Люциановна
Маврович,Мавровна
Маврикиевич,Маврикиевна
Мавродиевич,Мавродиевна
Маевич,Маевна
Макарович,Макаровна
Макариевич,Макариевна
Македонович,Македоновна
Македониевич,Македониевна
Максимович,Максимовна
Максимианович,Максимиановна
Максимилианович,Максимилиановна
Малхович,Малховна
Мануилович,Мануиловна
Маратович,Маратовна
Мардариевич,Мардариевна
Марианович,Мариановна
Маринович,Мариновна
Маркович,Марковна
Маркелович,Маркеловна
Маркианович,Маркиановна
Марленович,Марленовна
Мартимьянович,Мартимьяновна
Мартинович,Мартиновна
Мартинианович,Мартиниановна
Мартириевич,Мартириевна
Марты́нович,Марты́новна
Мартьянович,Мартьяновна
Матвеевич,Матвеевна
Мелентиевич,Мелентиевна
Мелетиевич,Мелетиевна
Меркулович,Меркуловна
Меркуриевич,Меркуриевна
Мефодиевич,Мефодиевна
Мечиславович,Мечиславовна
Миланович,Милановна
Миленович,Миленовна
Милиевич,Милиевна
Минич,Минична
Минаевич,Минаевна
Миронович,Мироновна
Мирославович,Мирославовна
Мисаилович,Мисаиловна
Митрофанович,Митрофановна
Митрофаниевич,Митрофаниевна
Михайлович,Михайловна
Михеевич,Михеевна
Модестович,Модестовна
Моисеевич,Моисеевна
Мокеевич,Мокеевна
Мокиевич,Мокиевна
Мстиславович,Мстиславовна
Назарович,Назаровна
Назариевич,Назариевна
Наркисович,Наркисовна
Натанович,Натановна
Наумович,Наумовна
Нестерович,Нестеровна
Несторович,Несторовна
Нефёдович,Нефёдовна
Никандрович,Никандровна
Никанорович,Никаноровна
Никитич,Никитична
Никифорович,Никифоровна
Никодимович,Никодимовна
Николаевич,Николаевна
Никонович,Никоновна
Нилович,Ниловна
Нифонтович,Нифонтовна
Олегович,Олеговна
Олимпиевич,Олимпиевна
Онисимович,Онисимовна
Онисифорович,Онисифоровна
Онуфриевич,Онуфриевна
Орестович,Орестовна
О́сипович,О́сиповна
Оскарович,Оскаровна
Остапович,Остаповна
Остромирович,Остромировна
Павлович,Павловна
Павлинович,Павлиновна
Паисиевич,Паисиевна
Палладиевич,Палладиевна
Памфилович,Памфиловна
Памфилиевич,Памфилиевна
Панкратович,Панкратовна
Панкратиевич,Панкратиевна
Пантелеевич,Пантелеевна
Пантелеймонович,Пантелеймоновна
Панфилович,Панфиловна
Парамонович,Парамоновна
Парменович,Парменовна
Парфёнович,Парфёновна
Парфениевич,Парфениевна
Парфентиевич,Парфентиевна
Патрикеевич,Патрикеевна
Патрикиевич,Патрикиевна
Пафнутиевич,Пафнутиевна
Пахомович,Пахомовна
Пахомиевич,Пахомиевна
Перфилиевич,Перфилиевна
Петрович,Петровна
Пименович,Пименовна
Питиримович,Питиримовна
Платонович,Платоновна
Полиевктович,Полиевктовна
Полиектович,Полиектовна
Поликарпович,Поликарповна
Поликарпиевич,Поликарпиевна
Порфирович,Порфировна
Порфириевич,Порфириевна
Потапович,Потаповна
Потапиевич,Потапиевна
Прович,Провна
Проклович,Прокловна
Прокопович,Прокоповна
Прокопиевич,Прокопиевна
Прокофиевич,Прокофиевна
Протасович,Протасовна
Протасиевич,Протасиевна
Прохорович,Прохоровна
Радиевич,Радиевна
Радимович,Радимовна
Радиславович,Радиславовна
Радованович,Радовановна
Ратиборович,Ратиборовна
Ратмирович,Ратмировна
Рафаилович,Рафаиловна
Ремович,Ремовна
Робертович,Робертовна
Родионович,Родионовна
Романович,Романовна
Ростиславович,Ростиславовна
Рубенович,Рубеновна
Рувимович,Рувимовна
Рудольфович,Рудольфовна
Русланович,Руслановна
Рю́рикович,Рю́риковна
Саввич,Саввична
Савватеевич,Савватеевна
Савватиевич,Савватиевна
Савёлович,Савёловна
Савелиевич,Савелиевна
Савериевич,Савериевна
Савинович,Савиновна
Савинианович,Савиниановна
Сакердонович,Сакердоновна
Салтамович,Салтамовна
Самойлович,Самойловна
Самсонович,Самсоновна
Самсониевич,Самсониевна
Самуилович,Самуиловна
Светозарович,Светозаровна
Свиридович,Свиридовна
Святополкович,Святополковна
Святославович,Святославовна
Себастьянович,Себастьяновна
Севастьянович,Севастьяновна
Северинович,Севериновна
Северьянович,Северьяновна
Селиванович,Селивановна
Селивёрстович,Селивёрстовна
Селифанович,Селифановна
Семёнович,Семёновна
Семионович,Семионовна
Серапионович,Серапионовна
Серафимович,Серафимовна
Сергеевич,Сергеевна
Сигизмундович,Сигизмундов-на
Сидорович,Сидоровна
Силич,Силовна
Силанович,Силановна
Силантиевич,Силантиевна
Силуянович,Силуяновна
Сильванович,Сильвановна
Сильвестрович,Сильвестровна
Симеонович,Симеоновна
Симонович,Симоновна
Смарагдович,Смарагдовна
Созонович,Созоновна
Созонтович,Созонтовна
Созонтиевич,Созонтиевна
Сократович,Сократовна
Соломонович,Соломоновна
Сосипатрович,Сосипатровна
Софонович,Софоновна
Софониевич,Софониевна
Софронович,Софроновна
Софрониевич,Софрониевна
Спартакович,Спартаковна
Спиридонович,Спиридоновна
Спиридониевич,Спиридониевна
Станимирович,Станимировна
Станиславович,Станиславовна
Стахиевич,Стахиевна
Степанович,Степановна
Стоянович,Стояновна
Стратоникович,Стратониковна
Сысоевич,Сысоевна
Тарасович,Тарасовна
Твердиславович,Твердиславовна
Творимирович,Творимировна
Терентиевич,Терентиевна
Тертиевич,Тертиевна
Тигранович,Тиграновна
Тигриевич,Тигриевна
Тимофеевич,Тимофеевна
Тимурович,Тимуровна
Титович,Титовна
Тихонович,Тихоновна
Тристанович,Тристановна
Трифилиевич,Трифилиевна
Трифонович,Трифоновна
Трофимович,Трофимовна
Уварович,Уваровна
Ульянович,Ульяновна
Устинович,Устиновна
Фабианович,Фабиановна
Фадеевич,Фадеевна
Фалалеевич,Фалалеевна
Фатьянович,Фатьяновна
Фёдорович,Фёдоровна
Федосович,Федосовна
Федосеевич,Федосеевна
Федосиевич,Федосиевна
Федотович,Федотовна
Федотиевич,Федотиевна
Федулович,Федуловна
Феликсович,Феликсовна
Фемистоклович,Фемистокловна
Феогностович,Феогностовна
Феоктистович,Феоктистовна
Феопемптович,Феопемптовна
Феофанович,Феофановна
Феофилович,Феофиловна
Феофилактович,Феофилактовна
Ферапонтович,Ферапонтовна
Филаретович,Филаретовна
Филатович,Филатовна
Филимонович,Филимоновна
Филипиевич,Филипиевна
Филиппович,Филипповна
Филофеевич,Филофеевна
Фирсович,Фирсовна
Флегонтович,Флегонтовна
Флорентиевич,Флорентиевна
Флорентинович,Флорентиновна
Флорианович,Флориановна
Фокич,Фокична
Фомич,Фоминична
Фортунатович,Фортунатовна
Фотиевич,Фотиевна
Фридрихович,Фридриховна
Фролович,Фроловна
Харитонович,Харитоновна
Харитониевич,Харитониевна
Харламович,Харламовна
Харлампович,Харламповна
Харлампиевич,Харлампиевна
Хрисанфович,Хрисанфовна
Христофорович,Христофоровна
Эдуардович,Эдуардовна
Эмилиевич,Эмилиевна
Эмильевич,Эмильевна
Эммануилович,Эммануиловна
Эразмович,Эразмовна
Эрастович,Эрастовна
Эрнестович,Эрнестовна
Э́рнстович,Э́рнстовна
Ювеналиевич,Ювеналиевна
Юлианович,Юлиановна
Ю́лиевич,Ю́лиевна
Ю́рьевич,Ю́рьевна
Юстинович,Юстиновна
Якимович,Якимовна
Я́ковлевич,Я́ковлевна
Якубович,Якубовна
Я́нович,Я́новна
Януариевич,Януариевна
Ярополкович,Ярополковна
Ярославович,Ярославовна